{"schemaVersion":"1.0","appDefinitionTemplate":{"id":"/providers/Microsoft.PowerApps/apps/","type":"Microsoft.PowerApps/apps","tags":{"primaryDeviceWidth":"640","primaryDeviceHeight":"1136","supportsPortrait":"true","supportsLandscape":"true","primaryFormFactor":"Phone","publisherVersion":"3.22054.15","minimumRequiredApiVersion":"2.2.0","hasComponent":"false","hasUnlockedComponent":"false","isUnifiedRootApp":"false","sienaVersion":"20220607T160139Z-3.22054.15.0"},"properties":{"appVersion":"2022-06-07T16:01:39Z","lifeCycleId":"Published","createdByClientVersion":{"major":3,"minor":22054,"build":15,"revision":0,"majorRevision":0,"minorRevision":0},"minClientVersion":{"major":3,"minor":22054,"build":15,"revision":0,"majorRevision":0,"minorRevision":0},"backgroundColor":"rgba(0, 0, 0, 1)","backgroundImageUri":"/3523426680532018140/N5db8ec14-2ae3-42f8-b125-f05bb8c1dc9f-logoSmallFile","displayName":"Assistant veille","description":"Visualiseur d'une liste Sharepoint d'articles collectés via des flux RSS","commitMessage":"fix bad display of item title","appUris":{"documentUri":{"value":"/3523426680532018140/N7bc46bb8-57cc-4e1e-889f-f5dfc1b53e18-document.msapp"},"imageUris":[],"additionalUris":[]},"createdTime":"0001-01-01T00:00:00Z","lastModifiedTime":"0001-01-01T00:00:00Z","sharedGroupsCount":0,"sharedUsersCount":0,"icons":{"smallIconUri":"/3523426680532018140/N96627e31-27e9-444b-9430-e7ad038f0dfa-small.png","mediumIconUri":"/3523426680532018140/N6e7b9aeb-cac0-4f5c-beaa-cea8e04a75f4-medium.png","largeIconUri":"/3523426680532018140/Ne1300291-39d0-4f2a-be41-d848d0edd1ea-large.png","wideIconUri":"/3523426680532018140/Nb7a402e5-ba17-4c65-b30a-50ef3565e00a-wide.png"},"connectionReferences":{"8c786a97-c6e1-49d7-be3e-9f5a6479a6a3":{"id":"bb68265f-1a77-4c14-9c9d-acc0c605f15d","displayName":"SharePoint","iconUri":"https://connectoricons-prod.azureedge.net/releases/v1.0.1578/1.0.1578.2813/sharepointonline/icon.png","dataSources":["Articles","liste des flux RSS de veille"],"dependencies":[],"dependents":[],"parameterHints":{},"parameterHintsV2":{},"isOnPremiseConnection":false,"bypassConsent":false,"dataSets":{"https://ingeropgroup-my.sharepoint.com/personal/ronan_deshays_ingerop_com":{"dataSources":{"Articles":{"tableName":"043e9518-a62c-4059-a417-902cddc63431"},"liste des flux RSS de veille":{"tableName":"efb678b5-d21e-4438-9715-aadd5ee1c621"}}}},"apiTier":"Standard","isCustomApiConnection":false,"actions":["providers/PowerPlatform.Governance/Operations/Read"]}},"databaseReferences":{},"almMode":"Environment","performanceOptimizationEnabled":true,"canConsumeAppPass":true,"executionRestrictions":{"isTeamsOnly":false,"dataLossPreventionEvaluationResult":{"status":"Compliant","lastEvaluationDate":"2022-05-24T09:08:28.7336843Z","violations":[],"violationsByPolicy":[],"violationErrorMessage":"L’application utilise les connecteurs suivants : shared_sharepointonline."}}},"appType":"ClassicCanvasApp","appComponents":[]}}